书名,作者,分类,豆瓣评分,百度网盘提取码,百度云盘链接
学会吃饭,珍・克里斯特勒,生活,6.7,百度网盘(提取码:6666),https://pan.baidu.com/s/1KF9yW9rEQgL-BfDTxEdWHA
优雅是一种习惯,杰米•卡特•卡伦,生活,6.8,百度网盘(提取码:6666),https://pan.baidu.com/s/1DVVYOKWPUuuagiSl-mUcOA
极简主义,乔舒亚•菲尔茨•米尔本,生活,6.3,百度网盘(提取码:6666),https://pan.baidu.com/s/17UtjuUdus_NBvMlpasM0TQ
男人真相,薛好大,生活,0,百度网盘(提取码:6666),http://pan.baidu.com/s/1eSzgvoI
长大后的世界,罗曼•阿拉姆,生活,0,百度网盘(提取码:6666),http://pan.baidu.com/s/1hrZsyfa
我只想和你说说话,张超,生活,7.7,百度网盘(提取码:6666),https://pan.baidu.com/s/1XNI9pEfZ2aDSLJqg4lGOhQ
女人不“狠”，地位不稳,曾子航,生活,0,百度网盘(提取码:6666),http://pan.baidu.com/s/1o8AX3Mq
用幽默化解困境,憨氏,生活,0,百度网盘(提取码:6666),http://pan.baidu.com/s/1pL77BZX
不负如来不负卿2,傅林,生活,0,百度网盘(提取码:6666),http://pan.baidu.com/s/1kU5w8GB
女人的气质与修养,李轩,生活,0,百度网盘(提取码:6666),http://pan.baidu.com/s/1mie56uW
女人的修养与智慧,辛伟伟,生活,0,百度网盘(提取码:6666),http://pan.baidu.com/s/1hsgF6hY
大五那年：我的魔兽我的兄弟,空城大叔 ,生活,0,百度网盘(提取码:6666),http://pan.baidu.com/s/1miNPize
生命的留言,陆幼青,生活,0,百度网盘(提取码:6666),http://pan.baidu.com/s/1qX7Q1kS
不能不去爱的两件事,松浦弥太郎,生活,0,百度网盘(提取码:6666),http://pan.baidu.com/s/1hsqKzHi
知日！知日！这次彻底了解日本4,苏静,生活,0,百度网盘(提取码:6666),http://pan.baidu.com/s/1geW3Aoj
神奇的肌肤能量书Ⅱ：让肌肤发光的小秘密,施耐德,生活,0,百度网盘(提取码:6666),http://pan.baidu.com/s/1i5bijDb
洞达人性的智慧,邵毅平,生活,0,百度网盘(提取码:6666),http://pan.baidu.com/s/1geQvS35
性吸引力私密教程,(美) 沙夫茨伯里,生活,0,百度网盘(提取码:6666),http://pan.baidu.com/s/1eSAyTay
孕夫来也,老默,生活,0,百度网盘(提取码:6666),http://pan.baidu.com/s/1i4ZfxLr
来自未来的生命信息,巴夏,生活,0,百度网盘(提取码:6666),http://pan.baidu.com/s/1c2n1ZZq
男人的资本大全集,赵凡禹,生活,0,百度网盘(提取码:6666),http://pan.baidu.com/s/1qXMFjxq
就想开间小小咖啡馆,王森,生活,0,百度网盘(提取码:6666),http://pan.baidu.com/s/1o8JBEKq
咖啡 咖啡,齐鸣,生活,0,百度网盘(提取码:6666),http://pan.baidu.com/s/1c1MwQnI
美国习惯用语,,生活,0,百度网盘(提取码:6666),http://pan.baidu.com/s/1c2Fl7e4
政治学与生活,迈克尔•G•罗斯金,生活,0,百度网盘(提取码:6666),http://pan.baidu.com/s/1c14LWNA
怦然心动的人生整理魔法,近藤麻理惠,生活,8,百度网盘(提取码:6666),https://pan.baidu.com/s/1M2cQVIQPGUzTnvP7dD2GGQ
简单就好生活可以很德国,门仓多仁亚,生活,0,百度网盘(提取码:6666),http://pan.baidu.com/s/1i5LgYqT
今天也要用心过生活,松浦弥太郎,生活,7.5,百度网盘(提取码:6666),http://pan.baidu.com/s/1i4UYV6t
爸爸爱喜禾,蔡春猪,生活,8.4,百度网盘(提取码:6666),http://pan.baidu.com/s/1kVPJH4b
